{
    "qubit_index": 0,
    "calibration_data": {
        "rabi": {
            "amplitudes": [
                0.0,
                0.05,
                0.1,
                0.15000000000000002,
                0.2,
                0.25,
                0.30000000000000004,
                0.35000000000000003,
                0.4,
                0.45,
                0.5,
                0.55,
                0.6000000000000001,
                0.65,
                0.7000000000000001,
                0.75,
                0.8,
                0.8500000000000001,
                0.9,
                0.9500000000000001,
                1.0
            ],
            "populations": [
                0,
                0.03517245086793691,
                0.025010035719969476,
                0,
                0,
                0,
                0.004538538128553738,
                0.0004919027339375668,
                0.006884572050973664,
                0,
                0.04134061900761618,
                0.006450636100611485,
                0.07098679297917523,
                0.03734595058765332,
                0.04146309068453231,
                0,
                0.056032010440994165,
                0.04356002746553466,
                0.031173380008611806,
                0.04248917639515077,
                0.0784001668557215
            ],
            "pi_pulse_amplitude": 1.0,
            "rabi_frequency_MHz": 25.0
        },
        "ramsey": {
            "delay_times_us": [
                0.0,
                0.049999999999999996,
                0.09999999999999999,
                0.15,
                0.19999999999999998,
                0.25,
                0.3,
                0.35,
                0.39999999999999997,
                0.44999999999999996,
                0.5,
                0.55,
                0.6,
                0.6499999999999999,
                0.7,
                0.75,
                0.7999999999999999,
                0.8499999999999999,
                0.8999999999999999,
                0.95,
                1.0,
                1.0499999999999998,
                1.1,
                1.15,
                1.2,
                1.25,
                1.2999999999999998,
                1.35,
                1.4,
                1.45,
                1.5,
                1.55,
                1.5999999999999999,
                1.65,
                1.6999999999999997,
                1.75,
                1.7999999999999998,
                1.8499999999999999,
                1.9,
                1.95,
                2.0
            ],
            "populations": [
                0.9976118867911115,
                1,
                1,
                1,
                0.9691166469115401,
                0.9906622254586887,
                0.9606025181017249,
                0.9830150643692003,
                0.9421175168011364,
                0.9141686170466246,
                0.9002429644607055,
                0.9090961874138798,
                0.9382503693880668,
                0.8974227002819888,
                0.8796324166170439,
                0.865470192321736,
                0.8793468714399694,
                0.8404490788346193,
                0.8131119517129846,
                0.8409885431972203,
                0.7955272653398807,
                0.8100602334199337,
                0.6907002890215889,
                0.7698496661445738,
                0.7525194675901006,
                0.6383199121420455,
                0.6473139170403258,
                0.6467729412184331,
                0.6104399812642931,
                0.59199113542779,
                0.5621370678803669,
                0.5371664252073756,
                0.5364370194264119,
                0.5025492950213171,
                0.46952917977277614,
                0.47328356731459126,
                0.4487137086156456,
                0.41107047661106944,
                0.37449184816827463,
                0.39871408382246926,
                0.34970450232281797
            ],
            "measured_detuning_Hz": -148884.94179446774,
            "T2_star_us": 50.0
        },
        "tomography": {
            "gate_fidelities": {
                "I": 0.9981172615108594,
                "X": 0.9962869155356755,
                "Y": 0.9940940789313741,
                "Z": 1.0,
                "H": 0.9940851414614186
            },
            "average_fidelity": 0.9965166794878655,
            "process_fidelity": 0.9765863458981081
        }
    },
    "optimized_parameters": {
        "X_gate": {
            "amplitude": 1.0,
            "duration": 2e-08,
            "frequency_correction_Hz": 148884.94179446774,
            "phase": 0.0
        },
        "Y_gate": {
            "amplitude": 1.0,
            "duration": 2e-08,
            "frequency_correction_Hz": 148884.94179446774,
            "phase": 1.5707963267948966
        },
        "Z_gate": {
            "amplitude": 0.0,
            "duration": 0.0,
            "phase": 3.141592653589793
        }
    },
    "status": "completed"
}