{
    "depths": [
        1,
        2,
        4,
        8,
        16,
        32,
        64,
        128
    ],
    "survival_probabilities": [
        0.9871178310630981,
        0.9981592076673435,
        0.9910100271824164,
        0.9843948681567551,
        0.9772403178008828,
        0.9238227940357862,
        0.8687786093846005,
        0.7608266481173868
    ],
    "fitted_decay_rate": 0.0039375499260418945,
    "average_gate_fidelity": 0.998031225036979,
    "rb_number": 1.0019726586840487
}